model,mae,rmse,r2
gradient_boosting,2.488401758016524,3.093351318248702,0.8149875251875445
support_vector_regression,2.9958058496851385,3.7862452818377648,0.8094524254034327
random_forest,3.727381732749956,4.622452950460602,0.5648563396024976
gaussian_process_regression,7.9181561753830865,9.791837455950343,0.2382023891995874
